Year,Team,Event,GDP,Population,Host country,Unemployment Rate (%),Human development index(HDI),Life expectancy,Calories from animal protein (FAO (2017)),Calories from plant protein (FAO (2017)),Calories from fat (FAO (2017)),Calories from carbohydrates (FAO (2017)),Comm./Dem.,PARTICIPANT,GOLD,SILVER,BRONZE
1992,aus,Weightlifting,"18,570","17,402,173",0,10.73,0.87,77.37805,283.56,133.48,1185.57,1522.39,1,4,0,0,0
1992,aus,hockey,"18,570","17,402,173",0,10.73,0.87,77.37805,283.56,133.48,1185.57,1522.39,1,32,0,1,0
1992,aus,basketball,"18,570","17,402,173",0,10.73,0.87,77.37805,283.56,133.48,1185.57,1522.39,1,12,0,0,0
1992,aus,cycling,"18,570","17,402,173",0,10.73,0.87,77.37805,283.56,133.48,1185.57,1522.39,1,19,0,1,0
1992,aus,football,"18,570","17,402,173",0,10.73,0.87,77.37805,283.56,133.48,1185.57,1522.39,1,19,0,0,0
1992,aus,badminton,"18,570","17,402,173",0,10.73,0.87,77.37805,283.56,133.48,1185.57,1522.39,1,4,0,0,0
1992,aus,swimming,"18,570","17,402,173",0,10.73,0.87,77.37805,283.56,133.48,1185.57,1522.39,1,73,0,1,0
1992,aus,gymnastics,"18,570","17,402,173",0,10.73,0.87,77.37805,283.56,133.48,1185.57,1522.39,1,43,0,0,0
1992,aus,boxing,"18,570","17,402,173",0,10.73,0.87,77.37805,283.56,133.48,1185.57,1522.39,1,6,0,0,0
1992,aus,wrestling,"18,570","17,402,173",0,10.73,0.87,77.37805,283.56,133.48,1185.57,1522.39,1,2,0,0,0
1992,aus,shooting,"18,570","17,402,173",0,10.73,0.87,77.37805,283.56,133.48,1185.57,1522.39,1,10,0,0,0
1992,canada,Weightlifting,"20,879","28,224,409",0,11.2,0.86,77.72439,226.88,156.88,1191.42,1516.82,1,2,0,0,0
1992,canada,hockey,"20,879","28,224,409",0,11.2,0.86,77.72439,226.88,156.88,1191.42,1516.82,1,15,0,0,0
1992,canada,basketball,"20,879","28,224,409",0,11.2,0.86,77.72439,226.88,156.88,1191.42,1516.82,1,0,0,0,0
1992,canada,cycling,"20,879","28,224,409",0,11.2,0.86,77.72439,226.88,156.88,1191.42,1516.82,1,16,0,0,0
1992,canada,football,"20,879","28,224,409",0,11.2,0.86,77.72439,226.88,156.88,1191.42,1516.82,1,0,0,0,0
1992,canada,badminton,"20,879","28,224,409",0,11.2,0.86,77.72439,226.88,156.88,1191.42,1516.82,1,7,0,0,0
1992,canada,swimming,"20,879","28,224,409",0,11.2,0.86,77.72439,226.88,156.88,1191.42,1516.82,1,63,0,0,0
1992,canada,gymnastics,"20,879","28,224,409",0,11.2,0.86,77.72439,226.88,156.88,1191.42,1516.82,1,57,0,0,0
1992,canada,boxing,"20,879","28,224,409",0,11.2,0.86,77.72439,226.88,156.88,1191.42,1516.82,1,10,0,0,0
1992,canada,wrestling,"20,879","28,224,409",0,11.2,0.86,77.72439,226.88,156.88,1191.42,1516.82,1,13,0,0,0
1992,canada,shooting,"20,879","28,224,409",0,11.2,0.86,77.72439,226.88,156.88,1191.42,1516.82,1,16,0,0,0
1992,china,Weightlifting,366,"1,206,711,244",0,4.49,0.52,69.355,64.8,198.24,504.45,1700.51,0,6,1,1,0
1992,china,hockey,366,"1,206,711,244",0,4.49,0.52,69.355,64.8,198.24,504.45,1700.51,0,31,0,0,0
1992,china,basketball,366,"1,206,711,244",0,4.49,0.52,69.355,64.8,198.24,504.45,1700.51,0,0,0,0,0
1992,china,cycling,366,"1,206,711,244",0,4.49,0.52,69.355,64.8,198.24,504.45,1700.51,0,17,0,0,0
1992,china,football,366,"1,206,711,244",0,4.49,0.52,69.355,64.8,198.24,504.45,1700.51,0,0,0,0,0
1992,china,badminton,366,"1,206,711,244",0,4.49,0.52,69.355,64.8,198.24,504.45,1700.51,0,4,0,0,0
1992,china,swimming,366,"1,206,711,244",0,4.49,0.52,69.355,64.8,198.24,504.45,1700.51,0,65,0,0,0
1992,china,gymnastics,366,"1,206,711,244",0,4.49,0.52,69.355,64.8,198.24,504.45,1700.51,0,58,0,1,0
1992,china,boxing,366,"1,206,711,244",0,4.49,0.52,69.355,64.8,198.24,504.45,1700.51,0,10,0,0,0
1992,china,wrestling,366,"1,206,711,244",0,4.49,0.52,69.355,64.8,198.24,504.45,1700.51,0,1,0,0,0
1992,china,shooting,366,"1,206,711,244",0,4.49,0.52,69.355,64.8,198.24,504.45,1700.51,0,8,0,0,0
1992,france,Weightlifting,"3,630","57,147,213",0,9.05,0.8,77.1,309.76,151.6,1481.76,1605.88,1,6,0,0,0
1992,france,hockey,"3,630","57,147,213",0,9.05,0.8,77.1,309.76,151.6,1481.76,1605.88,1,0,0,0,0
1992,france,basketball,"3,630","57,147,213",0,9.05,0.8,77.1,309.76,151.6,1481.76,1605.88,1,0,0,0,0
1992,france,cycling,"3,630","57,147,213",0,9.05,0.8,77.1,309.76,151.6,1481.76,1605.88,1,20,0,0,0
1992,france,football,"3,630","57,147,213",0,9.05,0.8,77.1,309.76,151.6,1481.76,1605.88,1,0,0,0,0
1992,france,badminton,"3,630","57,147,213",0,9.05,0.8,77.1,309.76,151.6,1481.76,1605.88,1,6,0,0,0
1992,france,swimming,"3,630","57,147,213",0,9.05,0.8,77.1,309.76,151.6,1481.76,1605.88,1,56,0,0,0
1992,france,gymnastics,"3,630","57,147,213",0,9.05,0.8,77.1,309.76,151.6,1481.76,1605.88,1,57,0,0,0
1992,france,boxing,"3,630","57,147,213",0,9.05,0.8,77.1,309.76,151.6,1481.76,1605.88,1,5,0,0,0
1992,france,wrestling,"3,630","57,147,213",0,9.05,0.8,77.1,309.76,151.6,1481.76,1605.88,1,9,0,0,0
1992,france,shooting,"3,630","57,147,213",0,9.05,0.8,77.1,309.76,151.6,1481.76,1605.88,1,24,0,0,0
1992,india,Weightlifting,317,"909,307,016",0,5.61,0.44,58.851,35.08,192,367.56,1738.36,1,3,0,0,0
1992,india,hockey,317,"909,307,016",0,5.61,0.44,58.851,35.08,192,367.56,1738.36,1,15,0,0,0
1992,india,basketball,317,"909,307,016",0,5.61,0.44,58.851,35.08,192,367.56,1738.36,1,0,0,0,0
1992,india,cycling,317,"909,307,016",0,5.61,0.44,58.851,35.08,192,367.56,1738.36,1,0,0,0,0
1992,india,football,317,"909,307,016",0,5.61,0.44,58.851,35.08,192,367.56,1738.36,1,0,0,0,0
1992,india,badminton,317,"909,307,016",0,5.61,0.44,58.851,35.08,192,367.56,1738.36,1,5,0,0,0
1992,india,swimming,317,"909,307,016",0,5.61,0.44,58.851,35.08,192,367.56,1738.36,1,0,0,0,0
1992,india,gymnastics,317,"909,307,016",0,5.61,0.44,58.851,35.08,192,367.56,1738.36,1,0,0,0,0
1992,india,boxing,317,"909,307,016",0,5.61,0.44,58.851,35.08,192,367.56,1738.36,1,5,0,0,0
1992,india,wrestling,317,"909,307,016",0,5.61,0.44,58.851,35.08,192,367.56,1738.36,1,6,0,0,0
1992,india,shooting,317,"909,307,016",0,5.61,0.44,58.851,35.08,192,367.56,1738.36,1,3,0,0,0
1992,italy,Weightlifting,12,"57,145,306",0,9.33,0.79,77.41951,240.48,202.68,1302.93,1796.91,1,3,0,0,0
1992,italy,hockey,12,"57,145,306",0,9.33,0.79,77.41951,240.48,202.68,1302.93,1796.91,1,0,0,0,0
1992,italy,basketball,12,"57,145,306",0,9.33,0.79,77.41951,240.48,202.68,1302.93,1796.91,1,16,0,0,0
1992,italy,cycling,12,"57,145,306",0,9.33,0.79,77.41951,240.48,202.68,1302.93,1796.91,1,20,0,0,0
1992,italy,football,12,"57,145,306",0,9.33,0.79,77.41951,240.48,202.68,1302.93,1796.91,1,12,0,0,0
1992,italy,badminton,12,"57,145,306",0,9.33,0.79,77.41951,240.48,202.68,1302.93,1796.91,1,0,0,1,0
1992,italy,swimming,12,"57,145,306",0,9.33,0.79,77.41951,240.48,202.68,1302.93,1796.91,1,54,0,0,0
1992,italy,gymnastics,12,"57,145,306",0,9.33,0.79,77.41951,240.48,202.68,1302.93,1796.91,1,58,0,0,1
1992,italy,boxing,12,"57,145,306",0,9.33,0.79,77.41951,240.48,202.68,1302.93,1796.91,1,0,0,0,0
1992,italy,wrestling,12,"57,145,306",0,9.33,0.79,77.41951,240.48,202.68,1302.93,1796.91,1,5,0,0,0
1992,italy,shooting,12,"57,145,306",0,9.33,0.79,77.41951,240.48,202.68,1302.93,1796.91,1,18,0,0,0
1992,japan,Weightlifting,"31,415","125,331,297",0,2.23,0.83,79.1539,218.84,168.48,760.23,1795.45,1,10,0,0,0
1992,japan,hockey,"31,415","125,331,297",0,2.23,0.83,79.1539,218.84,168.48,760.23,1795.45,1,0,0,0,0
1992,japan,basketball,"31,415","125,331,297",0,2.23,0.83,79.1539,218.84,168.48,760.23,1795.45,1,0,0,0,0
1992,japan,cycling,"31,415","125,331,297",0,2.23,0.83,79.1539,218.84,168.48,760.23,1795.45,1,14,0,0,0
1992,japan,football,"31,415","125,331,297",0,2.23,0.83,79.1539,218.84,168.48,760.23,1795.45,1,0,0,0,0
1992,japan,badminton,"31,415","125,331,297",0,2.23,0.83,79.1539,218.84,168.48,760.23,1795.45,1,4,0,0,0
1992,japan,swimming,"31,415","125,331,297",0,2.23,0.83,79.1539,218.84,168.48,760.23,1795.45,1,60,0,0,0
1992,japan,gymnastics,"31,415","125,331,297",0,2.23,0.83,79.1539,218.84,168.48,760.23,1795.45,1,63,0,0,0
1992,japan,boxing,"31,415","125,331,297",0,2.23,0.83,79.1539,218.84,168.48,760.23,1795.45,1,4,0,0,0
1992,japan,wrestling,"31,415","125,331,297",0,2.23,0.83,79.1539,218.84,168.48,760.23,1795.45,1,16,0,0,0
1992,japan,shooting,"31,415","125,331,297",0,2.23,0.83,79.1539,218.84,168.48,760.23,1795.45,1,19,0,0,0
1992,uk,Weightlifting,20488,"57,446,037",0,9.97,0.81,76.43415,216.88,156.6,1304.82,1592.7,1,6,0,0,0
1992,uk,hockey,20488,"57,446,037",0,9.97,0.81,76.43415,216.88,156.6,1304.82,1592.7,1,31,0,0,0
1992,uk,basketball,20488,"57,446,037",0,9.97,0.81,76.43415,216.88,156.6,1304.82,1592.7,1,0,0,0,0
1992,uk,cycling,20488,"57,446,037",0,9.97,0.81,76.43415,216.88,156.6,1304.82,1592.7,1,17,0,0,0
1992,uk,football,20488,"57,446,037",0,9.97,0.81,76.43415,216.88,156.6,1304.82,1592.7,1,0,0,0,0
1992,uk,badminton,20488,"57,446,037",0,9.97,0.81,76.43415,216.88,156.6,1304.82,1592.7,1,4,0,0,0
1992,uk,swimming,20488,"57,446,037",0,9.97,0.81,76.43415,216.88,156.6,1304.82,1592.7,1,65,0,0,0
1992,uk,gymnastics,20488,"57,446,037",0,9.97,0.81,76.43415,216.88,156.6,1304.82,1592.7,1,58,0,0,0
1992,uk,boxing,20488,"57,446,037",0,9.97,0.81,76.43415,216.88,156.6,1304.82,1592.7,1,10,0,0,0
1992,uk,wrestling,20488,"57,446,037",0,9.97,0.81,76.43415,216.88,156.6,1304.82,1592.7,1,1,0,0,0
1992,uk,shooting,20488,"57,446,037",0,9.97,0.81,76.43415,216.88,156.6,1304.82,1592.7,1,8,0,0,0
1992,us,Weightlifting,"25,419","256,990,613",0,7.4,0.87,75.61707,282.52,157.44,1279.89,1839.15,1,10,0,0,0
1992,us,hockey,"25,419","256,990,613",0,7.4,0.87,75.61707,282.52,157.44,1279.89,1839.15,1,0,0,0,0
1992,us,basketball,"25,419","256,990,613",0,7.4,0.87,75.61707,282.52,157.44,1279.89,1839.15,1,24,1,0,0
1992,us,cycling,"25,419","256,990,613",0,7.4,0.87,75.61707,282.52,157.44,1279.89,1839.15,1,20,0,0,0
1992,us,football,"25,419","256,990,613",0,7.4,0.87,75.61707,282.52,157.44,1279.89,1839.15,1,17,0,0,0
1992,us,badminton,"25,419","256,990,613",0,7.4,0.87,75.61707,282.52,157.44,1279.89,1839.15,1,9,0,0,0
1992,us,swimming,"25,419","256,990,613",0,7.4,0.87,75.61707,282.52,157.44,1279.89,1839.15,1,86,1,0,0
1992,us,gymnastics,"25,419","256,990,613",0,7.4,0.87,75.61707,282.52,157.44,1279.89,1839.15,1,84,0,0,0
1992,us,boxing,"25,419","256,990,613",0,7.4,0.87,75.61707,282.52,157.44,1279.89,1839.15,1,12,0,0,0
1992,us,wrestling,"25,419","256,990,613",0,7.4,0.87,75.61707,282.52,157.44,1279.89,1839.15,1,20,0,0,0
1992,us,shooting,"25,419","256,990,613",0,7.4,0.87,75.61707,282.52,157.44,1279.89,1839.15,1,28,0,0,0
1996,aus,Weightlifting,"21,861","18,189,277",0,8.51,0.89,78.07805,275.76,147,1124.37,1529.87,1,7,0,0,0
1996,aus,hockey,"21,861","18,189,277",0,8.51,0.89,78.07805,275.76,147,1124.37,1529.87,1,32,0,0,1
1996,aus,basketball,"21,861","18,189,277",0,8.51,0.89,78.07805,275.76,147,1124.37,1529.87,1,24,0,0,0
1996,aus,cycling,"21,861","18,189,277",0,8.51,0.89,78.07805,275.76,147,1124.37,1529.87,1,28,0,0,0
1996,aus,football,"21,861","18,189,277",0,8.51,0.89,78.07805,275.76,147,1124.37,1529.87,1,16,0,0,0
1996,aus,badminton,"21,861","18,189,277",0,8.51,0.89,78.07805,275.76,147,1124.37,1529.87,1,9,0,0,0
1996,aus,swimming,"21,861","18,189,277",0,8.51,0.89,78.07805,275.76,147,1124.37,1529.87,1,78,0,0,1
1996,aus,gymnastics,"21,861","18,189,277",0,8.51,0.89,78.07805,275.76,147,1124.37,1529.87,1,55,0,0,0
1996,aus,boxing,"21,861","18,189,277",0,8.51,0.89,78.07805,275.76,147,1124.37,1529.87,1,8,0,0,0
1996,aus,wrestling,"21,861","18,189,277",0,8.51,0.89,78.07805,275.76,147,1124.37,1529.87,1,9,0,0,0
1996,aus,shooting,"21,861","18,189,277",0,8.51,0.89,78.07805,275.76,147,1124.37,1529.87,1,20,1,0,0
1996,canada,Weightlifting,"21,227","29,457,817",0,9.6,0.86,78.18049,225.44,169.32,1227.51,1629.73,1,2,0,0,0
1996,canada,hockey,"21,227","29,457,817",0,9.6,0.86,78.18049,225.44,169.32,1227.51,1629.73,1,0,0,0,0
1996,canada,basketball,"21,227","29,457,817",0,9.6,0.86,78.18049,225.44,169.32,1227.51,1629.73,1,12,0,0,0
1996,canada,cycling,"21,227","29,457,817",0,9.6,0.86,78.18049,225.44,169.32,1227.51,1629.73,1,18,0,0,0
1996,canada,football,"21,227","29,457,817",0,9.6,0.86,78.18049,225.44,169.32,1227.51,1629.73,1,0,0,0,0
1996,canada,badminton,"21,227","29,457,817",0,9.6,0.86,78.18049,225.44,169.32,1227.51,1629.73,1,8,0,0,0
1996,canada,swimming,"21,227","29,457,817",0,9.6,0.86,78.18049,225.44,169.32,1227.51,1629.73,1,51,0,0,0
1996,canada,gymnastics,"21,227","29,457,817",0,9.6,0.86,78.18049,225.44,169.32,1227.51,1629.73,1,36,0,0,0
1996,canada,boxing,"21,227","29,457,817",0,9.6,0.86,78.18049,225.44,169.32,1227.51,1629.73,1,11,0,0,0
1996,canada,wrestling,"21,227","29,457,817",0,9.6,0.86,78.18049,225.44,169.32,1227.51,1629.73,1,14,0,0,0
1996,canada,shooting,"21,227","29,457,817",0,9.6,0.86,78.18049,225.44,169.32,1227.51,1629.73,1,10,0,0,0
1996,china,Weightlifting,709,"1,251,636,186",0,6.2,0.55,70.14,92.88,217.28,594.99,1798.85,0,1,0,1,0
1996,china,hockey,709,"1,251,636,186",0,6.2,0.55,70.14,92.88,217.28,594.99,1798.85,0,32,0,0,0
1996,china,basketball,709,"1,251,636,186",0,6.2,0.55,70.14,92.88,217.28,594.99,1798.85,0,0,0,0,0
1996,china,cycling,709,"1,251,636,186",0,6.2,0.55,70.14,92.88,217.28,594.99,1798.85,0,22,0,0,0
1996,china,football,709,"1,251,636,186",0,6.2,0.55,70.14,92.88,217.28,594.99,1798.85,0,0,0,0,0
1996,china,badminton,709,"1,251,636,186",0,6.2,0.55,70.14,92.88,217.28,594.99,1798.85,0,10,0,1,0
1996,china,swimming,709,"1,251,636,186",0,6.2,0.55,70.14,92.88,217.28,594.99,1798.85,0,52,0,0,0
1996,china,gymnastics,709,"1,251,636,186",0,6.2,0.55,70.14,92.88,217.28,594.99,1798.85,0,24,0,0,1
1996,china,boxing,709,"1,251,636,186",0,6.2,0.55,70.14,92.88,217.28,594.99,1798.85,0,2,0,0,0
1996,china,wrestling,709,"1,251,636,186",0,6.2,0.55,70.14,92.88,217.28,594.99,1798.85,0,1,0,0,0
1996,china,shooting,709,"1,251,636,186",0,6.2,0.55,70.14,92.88,217.28,594.99,1798.85,0,7,0,0,0
1996,france,Weightlifting,"4,097","58,012,058",0,10.56,0.84,77.95366,305.6,153.44,1461.87,1598.09,1,2,0,0,0
1996,france,hockey,"4,097","58,012,058",0,10.56,0.84,77.95366,305.6,153.44,1461.87,1598.09,1,0,0,0,0
1996,france,basketball,"4,097","58,012,058",0,10.56,0.84,77.95366,305.6,153.44,1461.87,1598.09,1,0,0,0,0
1996,france,cycling,"4,097","58,012,058",0,10.56,0.84,77.95366,305.6,153.44,1461.87,1598.09,1,28,0,0,0
1996,france,football,"4,097","58,012,058",0,10.56,0.84,77.95366,305.6,153.44,1461.87,1598.09,1,17,0,0,0
1996,france,badminton,"4,097","58,012,058",0,10.56,0.84,77.95366,305.6,153.44,1461.87,1598.09,1,2,0,0,0
1996,france,swimming,"4,097","58,012,058",0,10.56,0.84,77.95366,305.6,153.44,1461.87,1598.09,1,49,0,0,0
1996,france,gymnastics,"4,097","58,012,058",0,10.56,0.84,77.95366,305.6,153.44,1461.87,1598.09,1,92,0,0,0
1996,france,boxing,"4,097","58,012,058",0,10.56,0.84,77.95366,305.6,153.44,1461.87,1598.09,1,7,0,0,0
1996,france,wrestling,"4,097","58,012,058",0,10.56,0.84,77.95366,305.6,153.44,1461.87,1598.09,1,2,0,0,0
1996,france,shooting,"4,097","58,012,058",0,10.56,0.84,77.95366,305.6,153.44,1461.87,1598.09,1,18,0,0,0
1996,india,Weightlifting,400,"982,365,243",0,5.75,0.47,60.783,38.28,186.88,413.19,1705.65,1,5,0,0,0
1996,india,hockey,400,"982,365,243",0,5.75,0.47,60.783,38.28,186.88,413.19,1705.65,1,16,0,0,0
1996,india,basketball,400,"982,365,243",0,5.75,0.47,60.783,38.28,186.88,413.19,1705.65,1,0,0,0,0
1996,india,cycling,400,"982,365,243",0,5.75,0.47,60.783,38.28,186.88,413.19,1705.65,1,0,0,0,0
1996,india,football,400,"982,365,243",0,5.75,0.47,60.783,38.28,186.88,413.19,1705.65,1,0,0,0,0
1996,india,badminton,400,"982,365,243",0,5.75,0.47,60.783,38.28,186.88,413.19,1705.65,1,2,0,0,0
1996,india,swimming,400,"982,365,243",0,5.75,0.47,60.783,38.28,186.88,413.19,1705.65,1,2,0,0,0
1996,india,gymnastics,400,"982,365,243",0,5.75,0.47,60.783,38.28,186.88,413.19,1705.65,1,0,0,0,0
1996,india,boxing,400,"982,365,243",0,5.75,0.47,60.783,38.28,186.88,413.19,1705.65,1,3,0,0,0
1996,india,wrestling,400,"982,365,243",0,5.75,0.47,60.783,38.28,186.88,413.19,1705.65,1,1,0,0,0
1996,india,shooting,400,"982,365,243",0,5.75,0.47,60.783,38.28,186.88,413.19,1705.65,1,3,0,0,0
1996,italy,Weightlifting,12,"57,065,225",0,11.87,0.81,78.52195,239.2,202.6,1338.39,1786.81,1,2,0,0,0
1996,italy,hockey,12,"57,065,225",0,11.87,0.81,78.52195,239.2,202.6,1338.39,1786.81,1,0,0,0,0
1996,italy,basketball,12,"57,065,225",0,11.87,0.81,78.52195,239.2,202.6,1338.39,1786.81,1,29,0,0,0
1996,italy,cycling,12,"57,065,225",0,11.87,0.81,78.52195,239.2,202.6,1338.39,1786.81,1,19,1,0,0
1996,italy,football,12,"57,065,225",0,11.87,0.81,78.52195,239.2,202.6,1338.39,1786.81,1,12,0,0,0
1996,italy,badminton,12,"57,065,225",0,11.87,0.81,78.52195,239.2,202.6,1338.39,1786.81,1,0,0,0,0
1996,italy,swimming,12,"57,065,225",0,11.87,0.81,78.52195,239.2,202.6,1338.39,1786.81,1,26,0,0,0
1996,italy,gymnastics,12,"57,065,225",0,11.87,0.81,78.52195,239.2,202.6,1338.39,1786.81,1,61,1,0,0
1996,italy,boxing,12,"57,065,225",0,11.87,0.81,78.52195,239.2,202.6,1338.39,1786.81,1,0,0,0,0
1996,italy,wrestling,12,"57,065,225",0,11.87,0.81,78.52195,239.2,202.6,1338.39,1786.81,1,4,0,1,0
1996,italy,shooting,12,"57,065,225",0,11.87,0.81,78.52195,239.2,202.6,1338.39,1786.81,1,17,1,0,1
1996,japan,Weightlifting,"38,437","126,644,094",0,3.48,0.85,80.20024,221.64,168.72,808.47,1764.17,1,7,0,0,0
1996,japan,hockey,"38,437","126,644,094",0,3.48,0.85,80.20024,221.64,168.72,808.47,1764.17,1,0,0,0,0
1996,japan,basketball,"38,437","126,644,094",0,3.48,0.85,80.20024,221.64,168.72,808.47,1764.17,1,12,0,0,0
1996,japan,cycling,"38,437","126,644,094",0,3.48,0.85,80.20024,221.64,168.72,808.47,1764.17,1,9,0,0,0
1996,japan,football,"38,437","126,644,094",0,3.48,0.85,80.20024,221.64,168.72,808.47,1764.17,1,33,0,0,0
1996,japan,badminton,"38,437","126,644,094",0,3.48,0.85,80.20024,221.64,168.72,808.47,1764.17,1,3,0,0,0
1996,japan,swimming,"38,437","126,644,094",0,3.48,0.85,80.20024,221.64,168.72,808.47,1764.17,1,59,0,0,0
1996,japan,gymnastics,"38,437","126,644,094",0,3.48,0.85,80.20024,221.64,168.72,808.47,1764.17,1,87,0,0,0
1996,japan,boxing,"38,437","126,644,094",0,3.48,0.85,80.20024,221.64,168.72,808.47,1764.17,1,3,0,0,0
1996,japan,wrestling,"38,437","126,644,094",0,3.48,0.85,80.20024,221.64,168.72,808.47,1764.17,1,12,0,0,0
1996,japan,shooting,"38,437","126,644,094",0,3.48,0.85,80.20024,221.64,168.72,808.47,1764.17,1,17,0,0,0
1996,uk,Weightlifting,24335,"58,113,557",0,8.12,0.85,77.08781,216.48,163.12,1263.6,1624.8,1,1,0,0,0
1996,uk,hockey,24335,"58,113,557",0,8.12,0.85,77.08781,216.48,163.12,1263.6,1624.8,1,32,0,0,0
1996,uk,basketball,24335,"58,113,557",0,8.12,0.85,77.08781,216.48,163.12,1263.6,1624.8,1,0,0,0,0
1996,uk,cycling,24335,"58,113,557",0,8.12,0.85,77.08781,216.48,163.12,1263.6,1624.8,1,22,0,0,1
1996,uk,football,24335,"58,113,557",0,8.12,0.85,77.08781,216.48,163.12,1263.6,1624.8,1,0,0,0,0
1996,uk,badminton,24335,"58,113,557",0,8.12,0.85,77.08781,216.48,163.12,1263.6,1624.8,1,10,0,0,0
1996,uk,swimming,24335,"58,113,557",0,8.12,0.85,77.08781,216.48,163.12,1263.6,1624.8,1,52,0,1,0
1996,uk,gymnastics,24335,"58,113,557",0,8.12,0.85,77.08781,216.48,163.12,1263.6,1624.8,1,24,0,0,0
1996,uk,boxing,24335,"58,113,557",0,8.12,0.85,77.08781,216.48,163.12,1263.6,1624.8,1,2,0,0,0
1996,uk,wrestling,24335,"58,113,557",0,8.12,0.85,77.08781,216.48,163.12,1263.6,1624.8,1,1,0,0,0
1996,uk,shooting,24335,"58,113,557",0,8.12,0.85,77.08781,216.48,163.12,1263.6,1624.8,1,7,0,0,0
1996,us,Weightlifting,"29,968","268,335,003",1,5.4,0.88,76.02683,283.2,163.6,1236.15,1904.05,1,10,0,0,0
1996,us,hockey,"29,968","268,335,003",1,5.4,0.88,76.02683,283.2,163.6,1236.15,1904.05,1,32,0,0,0
1996,us,basketball,"29,968","268,335,003",1,5.4,0.88,76.02683,283.2,163.6,1236.15,1904.05,1,24,1,0,0
1996,us,cycling,"29,968","268,335,003",1,5.4,0.88,76.02683,283.2,163.6,1236.15,1904.05,1,28,0,0,0
1996,us,football,"29,968","268,335,003",1,5.4,0.88,76.02683,283.2,163.6,1236.15,1904.05,1,30,0,0,0
1996,us,badminton,"29,968","268,335,003",1,5.4,0.88,76.02683,283.2,163.6,1236.15,1904.05,1,4,0,0,0
1996,us,swimming,"29,968","268,335,003",1,5.4,0.88,76.02683,283.2,163.6,1236.15,1904.05,1,92,1,1,0
1996,us,gymnastics,"29,968","268,335,003",1,5.4,0.88,76.02683,283.2,163.6,1236.15,1904.05,1,91,0,0,0
1996,us,boxing,"29,968","268,335,003",1,5.4,0.88,76.02683,283.2,163.6,1236.15,1904.05,1,12,0,0,0
1996,us,wrestling,"29,968","268,335,003",1,5.4,0.88,76.02683,283.2,163.6,1236.15,1904.05,1,20,1,0,0
1996,us,shooting,"29,968","268,335,003",1,5.4,0.88,76.02683,283.2,163.6,1236.15,1904.05,1,31,0,0,0
2000,aus,Weightlifting,"21,679","18,991,431",1,6.28,0.9,79.23415,271.48,133.72,1170.09,1415.71,1,12,0,0,0
2000,aus,hockey,"21,679","18,991,431",1,6.28,0.9,79.23415,271.48,133.72,1170.09,1415.71,1,32,0,0,1
2000,aus,basketball,"21,679","18,991,431",1,6.28,0.9,79.23415,271.48,133.72,1170.09,1415.71,1,24,0,0,0
2000,aus,cycling,"21,679","18,991,431",1,6.28,0.9,79.23415,271.48,133.72,1170.09,1415.71,1,38,0,0,0
2000,aus,football,"21,679","18,991,431",1,6.28,0.9,79.23415,271.48,133.72,1170.09,1415.71,1,32,0,0,0
2000,aus,badminton,"21,679","18,991,431",1,6.28,0.9,79.23415,271.48,133.72,1170.09,1415.71,1,8,0,0,0
2000,aus,swimming,"21,679","18,991,431",1,6.28,0.9,79.23415,271.48,133.72,1170.09,1415.71,1,89,1,0,0
2000,aus,gymnastics,"21,679","18,991,431",1,6.28,0.9,79.23415,271.48,133.72,1170.09,1415.71,1,46,0,0,0
2000,aus,boxing,"21,679","18,991,431",1,6.28,0.9,79.23415,271.48,133.72,1170.09,1415.71,1,9,0,0,0
2000,aus,wrestling,"21,679","18,991,431",1,6.28,0.9,79.23415,271.48,133.72,1170.09,1415.71,1,11,0,0,0
2000,aus,shooting,"21,679","18,991,431",1,6.28,0.9,79.23415,271.48,133.72,1170.09,1415.71,1,32,1,0,0
2000,canada,Weightlifting,"24,266","30,588,383",0,6.8,0.87,79.13659,241.44,182.84,1327.68,1754.04,1,2,0,0,0
2000,canada,hockey,"24,266","30,588,383",0,6.8,0.87,79.13659,241.44,182.84,1327.68,1754.04,1,16,0,0,0
2000,canada,basketball,"24,266","30,588,383",0,6.8,0.87,79.13659,241.44,182.84,1327.68,1754.04,1,24,0,0,0
2000,canada,cycling,"24,266","30,588,383",0,6.8,0.87,79.13659,241.44,182.84,1327.68,1754.04,1,20,0,0,0
2000,canada,football,"24,266","30,588,383",0,6.8,0.87,79.13659,241.44,182.84,1327.68,1754.04,1,0,0,0,0
2000,canada,badminton,"24,266","30,588,383",0,6.8,0.87,79.13659,241.44,182.84,1327.68,1754.04,1,10,0,0,0
2000,canada,swimming,"24,266","30,588,383",0,6.8,0.87,79.13659,241.44,182.84,1327.68,1754.04,1,73,0,0,0
2000,canada,gymnastics,"24,266","30,588,383",0,6.8,0.87,79.13659,241.44,182.84,1327.68,1754.04,1,38,0,0,0
2000,canada,boxing,"24,266","30,588,383",0,6.8,0.87,79.13659,241.44,182.84,1327.68,1754.04,1,7,0,0,0
2000,canada,wrestling,"24,266","30,588,383",0,6.8,0.87,79.13659,241.44,182.84,1327.68,1754.04,1,4,0,0,0
2000,canada,shooting,"24,266","30,588,383",0,6.8,0.87,79.13659,241.44,182.84,1327.68,1754.04,1,16,0,0,0
2000,china,Weightlifting,959,"1,290,550,765",0,6.96,0.59,71.397,110.84,225.04,683.91,1794.21,0,1,0,0,1
2000,china,hockey,959,"1,290,550,765",0,6.96,0.59,71.397,110.84,225.04,683.91,1794.21,0,32,0,0,0
2000,china,basketball,959,"1,290,550,765",0,6.96,0.59,71.397,110.84,225.04,683.91,1794.21,0,0,0,0,0
2000,china,cycling,959,"1,290,550,765",0,6.96,0.59,71.397,110.84,225.04,683.91,1794.21,0,33,0,0,0
2000,china,football,959,"1,290,550,765",0,6.96,0.59,71.397,110.84,225.04,683.91,1794.21,0,0,0,0,0
2000,china,badminton,959,"1,290,550,765",0,6.96,0.59,71.397,110.84,225.04,683.91,1794.21,0,4,1,0,0
2000,china,swimming,959,"1,290,550,765",0,6.96,0.59,71.397,110.84,225.04,683.91,1794.21,0,60,0,0,0
2000,china,gymnastics,959,"1,290,550,765",0,6.96,0.59,71.397,110.84,225.04,683.91,1794.21,0,39,0,0,0
2000,china,boxing,959,"1,290,550,765",0,6.96,0.59,71.397,110.84,225.04,683.91,1794.21,0,2,0,0,0
2000,china,wrestling,959,"1,290,550,765",0,6.96,0.59,71.397,110.84,225.04,683.91,1794.21,0,0,0,0,0
2000,china,shooting,959,"1,290,550,765",0,6.96,0.59,71.397,110.84,225.04,683.91,1794.21,0,6,0,0,0
2000,france,Weightlifting,"22,420","59,015,096",0,8.53,0.85,79.0561,311.56,158.24,1528.83,1606.37,1,3,0,0,0
2000,france,hockey,"22,420","59,015,096",0,8.53,0.85,79.0561,311.56,158.24,1528.83,1606.37,1,0,0,0,0
2000,france,basketball,"22,420","59,015,096",0,8.53,0.85,79.0561,311.56,158.24,1528.83,1606.37,1,24,0,1,0
2000,france,cycling,"22,420","59,015,096",0,8.53,0.85,79.0561,311.56,158.24,1528.83,1606.37,1,38,0,0,0
2000,france,football,"22,420","59,015,096",0,8.53,0.85,79.0561,311.56,158.24,1528.83,1606.37,1,0,0,0,0
2000,france,badminton,"22,420","59,015,096",0,8.53,0.85,79.0561,311.56,158.24,1528.83,1606.37,1,3,0,0,0
2000,france,swimming,"22,420","59,015,096",0,8.53,0.85,79.0561,311.56,158.24,1528.83,1606.37,1,31,0,0,0
2000,france,gymnastics,"22,420","59,015,096",0,8.53,0.85,79.0561,311.56,158.24,1528.83,1606.37,1,71,0,1,0
2000,france,boxing,"22,420","59,015,096",0,8.53,0.85,79.0561,311.56,158.24,1528.83,1606.37,1,8,0,0,0
2000,france,wrestling,"22,420","59,015,096",0,8.53,0.85,79.0561,311.56,158.24,1528.83,1606.37,1,3,0,0,0
2000,france,shooting,"22,420","59,015,096",0,8.53,0.85,79.0561,311.56,158.24,1528.83,1606.37,1,17,0,0,0
2000,india,Weightlifting,443,1056575549,0,5.75,0.5,62.505,38.64,187.8,410.85,1742.71,1,3,0,0,0
2000,india,hockey,443,1056575549,0,5.75,0.5,62.505,38.64,187.8,410.85,1742.71,1,15,0,0,0
2000,india,basketball,443,1056575549,0,5.75,0.5,62.505,38.64,187.8,410.85,1742.71,1,0,0,0,0
2000,india,cycling,443,1056575549,0,5.75,0.5,62.505,38.64,187.8,410.85,1742.71,1,0,0,0,0
2000,india,football,443,1056575549,0,5.75,0.5,62.505,38.64,187.8,410.85,1742.71,1,0,0,0,0
2000,india,badminton,443,1056575549,0,5.75,0.5,62.505,38.64,187.8,410.85,1742.71,1,2,0,0,0
2000,india,swimming,443,1056575549,0,5.75,0.5,62.505,38.64,187.8,410.85,1742.71,1,2,0,0,0
2000,india,gymnastics,443,1056575549,0,5.75,0.5,62.505,38.64,187.8,410.85,1742.71,1,0,0,0,0
2000,india,boxing,443,1056575549,0,5.75,0.5,62.505,38.64,187.8,410.85,1742.71,1,4,0,0,0
2000,india,wrestling,443,1056575549,0,5.75,0.5,62.505,38.64,187.8,410.85,1742.71,1,1,0,0,0
2000,india,shooting,443,1056575549,0,5.75,0.5,62.505,38.64,187.8,410.85,1742.71,1,4,0,0,0
2000,italy,Weightlifting,"20,138","56,692,178",0,10.84,0.84,79.77805,245.88,209.84,1383.12,1829.16,1,2,0,0,0
2000,italy,hockey,"20,138","56,692,178",0,10.84,0.84,79.77805,245.88,209.84,1383.12,1829.16,1,0,0,0,0
2000,italy,basketball,"20,138","56,692,178",0,10.84,0.84,79.77805,245.88,209.84,1383.12,1829.16,1,17,0,0,0
2000,italy,cycling,"20,138","56,692,178",0,10.84,0.84,79.77805,245.88,209.84,1383.12,1829.16,1,21,0,0,0
2000,italy,football,"20,138","56,692,178",0,10.84,0.84,79.77805,245.88,209.84,1383.12,1829.16,1,12,0,0,0
2000,italy,badminton,"20,138","56,692,178",0,10.84,0.84,79.77805,245.88,209.84,1383.12,1829.16,1,0,0,0,0
2000,italy,swimming,"20,138","56,692,178",0,10.84,0.84,79.77805,245.88,209.84,1383.12,1829.16,1,42,0,1,0
2000,italy,gymnastics,"20,138","56,692,178",0,10.84,0.84,79.77805,245.88,209.84,1383.12,1829.16,1,46,0,0,0
2000,italy,boxing,"20,138","56,692,178",0,10.84,0.84,79.77805,245.88,209.84,1383.12,1829.16,1,0,0,0,0
2000,italy,wrestling,"20,138","56,692,178",0,10.84,0.84,79.77805,245.88,209.84,1383.12,1829.16,1,4,0,0,0
2000,italy,shooting,"20,138","56,692,178",0,10.84,0.84,79.77805,245.88,209.84,1383.12,1829.16,1,16,0,0,1
2000,japan,Weightlifting,"38,532","127,524,174",0,4.93,0.86,81.0761,221.92,163.8,812.07,1701.21,1,8,0,0,0
2000,japan,hockey,"38,532","127,524,174",0,4.93,0.86,81.0761,221.92,163.8,812.07,1701.21,1,0,0,0,0
2000,japan,basketball,"38,532","127,524,174",0,4.93,0.86,81.0761,221.92,163.8,812.07,1701.21,1,0,0,0,0
2000,japan,cycling,"38,532","127,524,174",0,4.93,0.86,81.0761,221.92,163.8,812.07,1701.21,1,14,0,0,0
2000,japan,football,"38,532","127,524,174",0,4.93,0.86,81.0761,221.92,163.8,812.07,1701.21,1,16,0,0,0
2000,japan,badminton,"38,532","127,524,174",0,4.93,0.86,81.0761,221.92,163.8,812.07,1701.21,1,5,0,0,0
2000,japan,swimming,"38,532","127,524,174",0,4.93,0.86,81.0761,221.92,163.8,812.07,1701.21,1,37,0,0,0
2000,japan,gymnastics,"38,532","127,524,174",0,4.93,0.86,81.0761,221.92,163.8,812.07,1701.21,1,52,0,0,0
2000,japan,boxing,"38,532","127,524,174",0,4.93,0.86,81.0761,221.92,163.8,812.07,1701.21,1,2,0,0,0
2000,japan,wrestling,"38,532","127,524,174",0,4.93,0.86,81.0761,221.92,163.8,812.07,1701.21,1,8,0,0,0
2000,japan,shooting,"38,532","127,524,174",0,4.93,0.86,81.0761,221.92,163.8,812.07,1701.21,1,15,0,0,0
2000,uk,Weightlifting,28155,"58,923,309",0,5.45,0.87,77.74146,217.76,177.4,1267.2,1699.64,1,1,0,0,0
2000,uk,hockey,28155,"58,923,309",0,5.45,0.87,77.74146,217.76,177.4,1267.2,1699.64,1,32,0,0,0
2000,uk,basketball,28155,"58,923,309",0,5.45,0.87,77.74146,217.76,177.4,1267.2,1699.64,1,0,0,0,0
2000,uk,cycling,28155,"58,923,309",0,5.45,0.87,77.74146,217.76,177.4,1267.2,1699.64,1,33,0,0,0
2000,uk,football,28155,"58,923,309",0,5.45,0.87,77.74146,217.76,177.4,1267.2,1699.64,1,0,0,0,0
2000,uk,badminton,28155,"58,923,309",0,5.45,0.87,77.74146,217.76,177.4,1267.2,1699.64,1,4,0,0,0
2000,uk,swimming,28155,"58,923,309",0,5.45,0.87,77.74146,217.76,177.4,1267.2,1699.64,1,60,0,0,0
2000,uk,gymnastics,28155,"58,923,309",0,5.45,0.87,77.74146,217.76,177.4,1267.2,1699.64,1,39,0,0,0
2000,uk,boxing,28155,"58,923,309",0,5.45,0.87,77.74146,217.76,177.4,1267.2,1699.64,1,2,0,0,0
2000,uk,wrestling,28155,"58,923,309",0,5.45,0.87,77.74146,217.76,177.4,1267.2,1699.64,1,0,0,0,0
2000,uk,shooting,28155,"58,923,309",0,5.45,0.87,77.74146,217.76,177.4,1267.2,1699.64,1,6,0,1,0
2000,us,Weightlifting,"36,335","281,710,909",0,3.9,0.89,76.63659,290.92,166.24,1389.51,1908.33,1,6,0,0,0
2000,us,hockey,"36,335","281,710,909",0,3.9,0.89,76.63659,290.92,166.24,1389.51,1908.33,1,0,0,0,0
2000,us,basketball,"36,335","281,710,909",0,3.9,0.89,76.63659,290.92,166.24,1389.51,1908.33,1,23,1,0,0
2000,us,cycling,"36,335","281,710,909",0,3.9,0.89,76.63659,290.92,166.24,1389.51,1908.33,1,36,0,0,0
2000,us,football,"36,335","281,710,909",0,3.9,0.89,76.63659,290.92,166.24,1389.51,1908.33,1,30,0,0,0
2000,us,badminton,"36,335","281,710,909",0,3.9,0.89,76.63659,290.92,166.24,1389.51,1908.33,1,1,0,0,0
2000,us,swimming,"36,335","281,710,909",0,3.9,0.89,76.63659,290.92,166.24,1389.51,1908.33,1,91,1,1,1
2000,us,gymnastics,"36,335","281,710,909",0,3.9,0.89,76.63659,290.92,166.24,1389.51,1908.33,1,74,0,0,0
2000,us,boxing,"36,335","281,710,909",0,3.9,0.89,76.63659,290.92,166.24,1389.51,1908.33,1,12,0,0,0
2000,us,wrestling,"36,335","281,710,909",0,3.9,0.89,76.63659,290.92,166.24,1389.51,1908.33,1,16,0,1,1
2000,us,shooting,"36,335","281,710,909",0,3.9,0.89,76.63659,290.92,166.24,1389.51,1908.33,1,34,0,0,0
2004,aus,Weightlifting,"30,431","19,879,649",0,5.4,0.91,80.49024,263.6,142.4,1206.09,1439.91,1,2,0,0,0
2004,aus,hockey,"30,431","19,879,649",0,5.4,0.91,80.49024,263.6,142.4,1206.09,1439.91,1,32,1,0,0
2004,aus,basketball,"30,431","19,879,649",0,5.4,0.91,80.49024,263.6,142.4,1206.09,1439.91,1,24,0,0,0
2004,aus,cycling,"30,431","19,879,649",0,5.4,0.91,80.49024,263.6,142.4,1206.09,1439.91,1,37,0,0,0
2004,aus,football,"30,431","19,879,649",0,5.4,0.91,80.49024,263.6,142.4,1206.09,1439.91,1,32,0,0,0
2004,aus,badminton,"30,431","19,879,649",0,5.4,0.91,80.49024,263.6,142.4,1206.09,1439.91,1,8,0,0,0
2004,aus,swimming,"30,431","19,879,649",0,5.4,0.91,80.49024,263.6,142.4,1206.09,1439.91,1,86,1,1,0
2004,aus,gymnastics,"30,431","19,879,649",0,5.4,0.91,80.49024,263.6,142.4,1206.09,1439.91,1,36,0,0,0
2004,aus,boxing,"30,431","19,879,649",0,5.4,0.91,80.49024,263.6,142.4,1206.09,1439.91,1,9,0,0,0
2004,aus,wrestling,"30,431","19,879,649",0,5.4,0.91,80.49024,263.6,142.4,1206.09,1439.91,1,1,0,0,0
2004,aus,shooting,"30,431","19,879,649",0,5.4,0.91,80.49024,263.6,142.4,1206.09,1439.91,1,28,0,0,1
2004,canada,Weightlifting,"32,137","31,815,494",0,7.2,0.89,79.89268,235.44,183.84,1326.51,1779.21,1,2,0,0,0
2004,canada,hockey,"32,137","31,815,494",0,7.2,0.89,79.89268,235.44,183.84,1326.51,1779.21,1,0,0,0,0
2004,canada,basketball,"32,137","31,815,494",0,7.2,0.89,79.89268,235.44,183.84,1326.51,1779.21,1,0,0,0,0
2004,canada,cycling,"32,137","31,815,494",0,7.2,0.89,79.89268,235.44,183.84,1326.51,1779.21,1,16,0,0,0
2004,canada,football,"32,137","31,815,494",0,7.2,0.89,79.89268,235.44,183.84,1326.51,1779.21,1,0,0,0,0
2004,canada,badminton,"32,137","31,815,494",0,7.2,0.89,79.89268,235.44,183.84,1326.51,1779.21,1,1,0,0,0
2004,canada,swimming,"32,137","31,815,494",0,7.2,0.89,79.89268,235.44,183.84,1326.51,1779.21,1,46,0,0,0
2004,canada,gymnastics,"32,137","31,815,494",0,7.2,0.89,79.89268,235.44,183.84,1326.51,1779.21,1,74,0,0,0
2004,canada,boxing,"32,137","31,815,494",0,7.2,0.89,79.89268,235.44,183.84,1326.51,1779.21,1,5,0,0,0
2004,canada,wrestling,"32,137","31,815,494",0,7.2,0.89,79.89268,235.44,183.84,1326.51,1779.21,1,7,0,0,0
2004,canada,shooting,"32,137","31,815,494",0,7.2,0.89,79.89268,235.44,183.84,1326.51,1779.21,1,4,0,0,0
2004,china,Weightlifting,1509,"1,323,084,641",0,9.58,0.63,72.689,122.76,221.44,724.14,1792.66,0,2,0,1,0
2004,china,hockey,1509,"1,323,084,641",0,9.58,0.63,72.689,122.76,221.44,724.14,1792.66,0,16,0,0,0
2004,china,basketball,1509,"1,323,084,641",0,9.58,0.63,72.689,122.76,221.44,724.14,1792.66,0,0,0,0,0
2004,china,cycling,1509,"1,323,084,641",0,9.58,0.63,72.689,122.76,221.44,724.14,1792.66,0,35,0,0,0
2004,china,football,1509,"1,323,084,641",0,9.58,0.63,72.689,122.76,221.44,724.14,1792.66,0,0,0,0,0
2004,china,badminton,1509,"1,323,084,641",0,9.58,0.63,72.689,122.76,221.44,724.14,1792.66,0,5,0,0,0
2004,china,swimming,1509,"1,323,084,641",0,9.58,0.63,72.689,122.76,221.44,724.14,1792.66,0,57,0,0,0
2004,china,gymnastics,1509,"1,323,084,641",0,9.58,0.63,72.689,122.76,221.44,724.14,1792.66,0,32,0,0,0
2004,china,boxing,1509,"1,323,084,641",0,9.58,0.63,72.689,122.76,221.44,724.14,1792.66,0,1,0,0,0
2004,china,wrestling,1509,"1,323,084,641",0,9.58,0.63,72.689,122.76,221.44,724.14,1792.66,0,1,0,0,0
2004,china,shooting,1509,"1,323,084,641",0,9.58,0.63,72.689,122.76,221.44,724.14,1792.66,0,6,0,0,0
2004,france,Weightlifting,"33,803","60,697,981",0,8.48,0.86,80.16342,296.96,159.44,1455.93,1642.67,1,5,0,0,0
2004,france,hockey,"33,803","60,697,981",0,8.48,0.86,80.16342,296.96,159.44,1455.93,1642.67,1,0,0,0,0
2004,france,basketball,"33,803","60,697,981",0,8.48,0.86,80.16342,296.96,159.44,1455.93,1642.67,1,0,0,0,0
2004,france,cycling,"33,803","60,697,981",0,8.48,0.86,80.16342,296.96,159.44,1455.93,1642.67,1,33,0,0,0
2004,france,football,"33,803","60,697,981",0,8.48,0.86,80.16342,296.96,159.44,1455.93,1642.67,1,0,0,0,0
2004,france,badminton,"33,803","60,697,981",0,8.48,0.86,80.16342,296.96,159.44,1455.93,1642.67,1,3,0,0,0
2004,france,swimming,"33,803","60,697,981",0,8.48,0.86,80.16342,296.96,159.44,1455.93,1642.67,1,51,0,0,0
2004,france,gymnastics,"33,803","60,697,981",0,8.48,0.86,80.16342,296.96,159.44,1455.93,1642.67,1,74,0,0,0
2004,france,boxing,"33,803","60,697,981",0,8.48,0.86,80.16342,296.96,159.44,1455.93,1642.67,1,6,0,0,0
2004,france,wrestling,"33,803","60,697,981",0,8.48,0.86,80.16342,296.96,159.44,1455.93,1642.67,1,6,0,0,0
2004,france,shooting,"33,803","60,697,981",0,8.48,0.86,80.16342,296.96,159.44,1455.93,1642.67,1,12,0,0,0
2004,india,Weightlifting,628,"1,129,623,456",0,5.72,0.53,64.095,39.72,176.28,411.57,1628.43,1,3,0,0,0
2004,india,hockey,628,"1,129,623,456",0,5.72,0.53,64.095,39.72,176.28,411.57,1628.43,1,16,0,0,0
2004,india,basketball,628,"1,129,623,456",0,5.72,0.53,64.095,39.72,176.28,411.57,1628.43,1,0,0,0,0
2004,india,cycling,628,"1,129,623,456",0,5.72,0.53,64.095,39.72,176.28,411.57,1628.43,1,0,0,0,0
2004,india,football,628,"1,129,623,456",0,5.72,0.53,64.095,39.72,176.28,411.57,1628.43,1,0,0,0,0
2004,india,badminton,628,"1,129,623,456",0,5.72,0.53,64.095,39.72,176.28,411.57,1628.43,1,3,0,0,0
2004,india,swimming,628,"1,129,623,456",0,5.72,0.53,64.095,39.72,176.28,411.57,1628.43,1,2,0,0,0
2004,india,gymnastics,628,"1,129,623,456",0,5.72,0.53,64.095,39.72,176.28,411.57,1628.43,1,0,0,0,0
2004,india,boxing,628,"1,129,623,456",0,5.72,0.53,64.095,39.72,176.28,411.57,1628.43,1,4,0,0,0
2004,india,wrestling,628,"1,129,623,456",0,5.72,0.53,64.095,39.72,176.28,411.57,1628.43,1,7,0,0,0
2004,india,shooting,628,"1,129,623,456",0,5.72,0.53,64.095,39.72,176.28,411.57,1628.43,1,9,0,0,0
2004,italy,Weightlifting,"31,317","57,948,424",0,7.87,0.86,80.78049,238.6,209.24,1350.9,1827.26,1,6,0,0,0
2004,italy,hockey,"31,317","57,948,424",0,7.87,0.86,80.78049,238.6,209.24,1350.9,1827.26,1,0,0,0,0
2004,italy,basketball,"31,317","57,948,424",0,7.87,0.86,80.78049,238.6,209.24,1350.9,1827.26,1,12,0,1,0
2004,italy,cycling,"31,317","57,948,424",0,7.87,0.86,80.78049,238.6,209.24,1350.9,1827.26,1,17,1,0,0
2004,italy,football,"31,317","57,948,424",0,7.87,0.86,80.78049,238.6,209.24,1350.9,1827.26,1,14,0,0,1
2004,italy,badminton,"31,317","57,948,424",0,7.87,0.86,80.78049,238.6,209.24,1350.9,1827.26,1,0,0,0,0
2004,italy,swimming,"31,317","57,948,424",0,7.87,0.86,80.78049,238.6,209.24,1350.9,1827.26,1,52,0,0,0
2004,italy,gymnastics,"31,317","57,948,424",0,7.87,0.86,80.78049,238.6,209.24,1350.9,1827.26,1,57,1,0,0
2004,italy,boxing,"31,317","57,948,424",0,7.87,0.86,80.78049,238.6,209.24,1350.9,1827.26,1,0,0,0,0
2004,italy,wrestling,"31,317","57,948,424",0,7.87,0.86,80.78049,238.6,209.24,1350.9,1827.26,1,6,0,0,0
2004,italy,shooting,"31,317","57,948,424",0,7.87,0.86,80.78049,238.6,209.24,1350.9,1827.26,1,0,0,1,0
2004,japan,Weightlifting,"37,689","128,204,195",0,4.93,0.87,82.03024,205.6,161.52,811.71,1663.17,1,4,0,0,0
2004,japan,hockey,"37,689","128,204,195",0,4.93,0.87,82.03024,205.6,161.52,811.71,1663.17,1,16,0,0,0
2004,japan,basketball,"37,689","128,204,195",0,4.93,0.87,82.03024,205.6,161.52,811.71,1663.17,1,12,0,0,0
2004,japan,cycling,"37,689","128,204,195",0,4.93,0.87,82.03024,205.6,161.52,811.71,1663.17,1,13,0,0,0
2004,japan,football,"37,689","128,204,195",0,4.93,0.87,82.03024,205.6,161.52,811.71,1663.17,1,33,0,0,0
2004,japan,badminton,"37,689","128,204,195",0,4.93,0.87,82.03024,205.6,161.52,811.71,1663.17,1,9,0,0,0
2004,japan,swimming,"37,689","128,204,195",0,4.93,0.87,82.03024,205.6,161.52,811.71,1663.17,1,43,0,0,0
2004,japan,gymnastics,"37,689","128,204,195",0,4.93,0.87,82.03024,205.6,161.52,811.71,1663.17,1,52,0,0,1
2004,japan,boxing,"37,689","128,204,195",0,4.93,0.87,82.03024,205.6,161.52,811.71,1663.17,1,1,0,0,0
2004,japan,wrestling,"37,689","128,204,195",0,4.93,0.87,82.03024,205.6,161.52,811.71,1663.17,1,13,0,0,1
2004,japan,shooting,"37,689","128,204,195",0,4.93,0.87,82.03024,205.6,161.52,811.71,1663.17,1,15,0,0,0
2004,uk,Weightlifting,40210,"59,872,753",0,4.75,0.89,78.74634,234.92,177.92,1238.4,1793.76,1,2,0,0,0
2004,uk,hockey,40210,"59,872,753",0,4.75,0.89,78.74634,234.92,177.92,1238.4,1793.76,1,16,0,0,0
2004,uk,basketball,40210,"59,872,753",0,4.75,0.89,78.74634,234.92,177.92,1238.4,1793.76,1,0,0,0,0
2004,uk,cycling,40210,"59,872,753",0,4.75,0.89,78.74634,234.92,177.92,1238.4,1793.76,1,35,0,0,0
2004,uk,football,40210,"59,872,753",0,4.75,0.89,78.74634,234.92,177.92,1238.4,1793.76,1,0,0,0,0
2004,uk,badminton,40210,"59,872,753",0,4.75,0.89,78.74634,234.92,177.92,1238.4,1793.76,1,5,0,0,0
2004,uk,swimming,40210,"59,872,753",0,4.75,0.89,78.74634,234.92,177.92,1238.4,1793.76,1,57,0,0,0
2004,uk,gymnastics,40210,"59,872,753",0,4.75,0.89,78.74634,234.92,177.92,1238.4,1793.76,1,32,0,0,0
2004,uk,boxing,40210,"59,872,753",0,4.75,0.89,78.74634,234.92,177.92,1238.4,1793.76,1,1,0,0,0
2004,uk,wrestling,40210,"59,872,753",0,4.75,0.89,78.74634,234.92,177.92,1238.4,1793.76,1,1,0,0,0
2004,uk,shooting,40210,"59,872,753",0,4.75,0.89,78.74634,234.92,177.92,1238.4,1793.76,1,6,0,0,0
2004,us,Weightlifting,"41,713","292,354,658",0,5.4,0.9,77.48781,299.2,162.72,1454.85,1892.23,1,5,0,0,0
2004,us,hockey,"41,713","292,354,658",0,5.4,0.9,77.48781,299.2,162.72,1454.85,1892.23,1,0,0,0,0
2004,us,basketball,"41,713","292,354,658",0,5.4,0.9,77.48781,299.2,162.72,1454.85,1892.23,1,24,0,0,1
2004,us,cycling,"41,713","292,354,658",0,5.4,0.9,77.48781,299.2,162.72,1454.85,1892.23,1,23,0,0,0
2004,us,football,"41,713","292,354,658",0,5.4,0.9,77.48781,299.2,162.72,1454.85,1892.23,1,17,0,0,0
2004,us,badminton,"41,713","292,354,658",0,5.4,0.9,77.48781,299.2,162.72,1454.85,1892.23,1,2,0,0,0
2004,us,swimming,"41,713","292,354,658",0,5.4,0.9,77.48781,299.2,162.72,1454.85,1892.23,1,95,1,1,1
2004,us,gymnastics,"41,713","292,354,658",0,5.4,0.9,77.48781,299.2,162.72,1454.85,1892.23,1,74,0,1,0
2004,us,boxing,"41,713","292,354,658",0,5.4,0.9,77.48781,299.2,162.72,1454.85,1892.23,1,9,0,0,0
2004,us,wrestling,"41,713","292,354,658",0,5.4,0.9,77.48781,299.2,162.72,1454.85,1892.23,1,17,0,1,0
2004,us,shooting,"41,713","292,354,658",0,5.4,0.9,77.48781,299.2,162.72,1454.85,1892.23,1,30,0,0,0
2008,aus,Weightlifting,"49,602","21,332,282",0,4.23,0.93,81.39512,276.92,148.88,1269,1504.2,1,2,0,0,0
2008,aus,hockey,"49,602","21,332,282",0,4.23,0.93,81.39512,276.92,148.88,1269,1504.2,1,33,0,0,1
2008,aus,basketball,"49,602","21,332,282",0,4.23,0.93,81.39512,276.92,148.88,1269,1504.2,1,24,0,0,0
2008,aus,cycling,"49,602","21,332,282",0,4.23,0.93,81.39512,276.92,148.88,1269,1504.2,1,37,0,0,0
2008,aus,football,"49,602","21,332,282",0,4.23,0.93,81.39512,276.92,148.88,1269,1504.2,1,17,0,0,0
2008,aus,badminton,"49,602","21,332,282",0,4.23,0.93,81.39512,276.92,148.88,1269,1504.2,1,32,0,0,0
2008,aus,swimming,"49,602","21,332,282",0,4.23,0.93,81.39512,276.92,148.88,1269,1504.2,1,91,0,0,0
2008,aus,gymnastics,"49,602","21,332,282",0,4.23,0.93,81.39512,276.92,148.88,1269,1504.2,1,33,0,0,0
2008,aus,boxing,"49,602","21,332,282",0,4.23,0.93,81.39512,276.92,148.88,1269,1504.2,1,9,0,0,0
2008,aus,wrestling,"49,602","21,332,282",0,4.23,0.93,81.39512,276.92,148.88,1269,1504.2,1,4,0,0,0
2008,aus,shooting,"49,602","21,332,282",0,4.23,0.93,81.39512,276.92,148.88,1269,1504.2,1,26,0,0,0
2008,canada,Weightlifting,"46,707","33,337,638",0,6.2,0.9,80.69512,230.88,187.92,1312.56,1733.64,1,5,0,0,0
2008,canada,hockey,"46,707","33,337,638",0,6.2,0.9,80.69512,230.88,187.92,1312.56,1733.64,1,16,0,0,0
2008,canada,basketball,"46,707","33,337,638",0,6.2,0.9,80.69512,230.88,187.92,1312.56,1733.64,1,0,0,0,0
2008,canada,cycling,"46,707","33,337,638",0,6.2,0.9,80.69512,230.88,187.92,1312.56,1733.64,1,19,0,0,0
2008,canada,football,"46,707","33,337,638",0,6.2,0.9,80.69512,230.88,187.92,1312.56,1733.64,1,18,0,0,0
2008,canada,badminton,"46,707","33,337,638",0,6.2,0.9,80.69512,230.88,187.92,1312.56,1733.64,1,4,0,0,0
2008,canada,swimming,"46,707","33,337,638",0,6.2,0.9,80.69512,230.88,187.92,1312.56,1733.64,1,67,0,0,0
2008,canada,gymnastics,"46,707","33,337,638",0,6.2,0.9,80.69512,230.88,187.92,1312.56,1733.64,1,46,0,0,0
2008,canada,boxing,"46,707","33,337,638",0,6.2,0.9,80.69512,230.88,187.92,1312.56,1733.64,1,1,0,0,0
2008,canada,wrestling,"46,707","33,337,638",0,6.2,0.9,80.69512,230.88,187.92,1312.56,1733.64,1,10,0,0,0
2008,canada,shooting,"46,707","33,337,638",0,6.2,0.9,80.69512,230.88,187.92,1312.56,1733.64,1,6,0,0,0
2008,china,Weightlifting,3468,"1,353,569,484",1,9.87,0.68,73.835,142,225.92,801.36,1807.72,0,1,1,0,0
2008,china,hockey,3468,"1,353,569,484",1,9.87,0.68,73.835,142,225.92,801.36,1807.72,0,33,0,0,0
2008,china,basketball,3468,"1,353,569,484",1,9.87,0.68,73.835,142,225.92,801.36,1807.72,0,0,0,0,0
2008,china,cycling,3468,"1,353,569,484",1,9.87,0.68,73.835,142,225.92,801.36,1807.72,0,34,0,0,0
2008,china,football,3468,"1,353,569,484",1,9.87,0.68,73.835,142,225.92,801.36,1807.72,0,0,0,0,0
2008,china,badminton,3468,"1,353,569,484",1,9.87,0.68,73.835,142,225.92,801.36,1807.72,0,4,0,0,1
2008,china,swimming,3468,"1,353,569,484",1,9.87,0.68,73.835,142,225.92,801.36,1807.72,0,72,0,1,0
2008,china,gymnastics,3468,"1,353,569,484",1,9.87,0.68,73.835,142,225.92,801.36,1807.72,0,39,1,1,0
2008,china,boxing,3468,"1,353,569,484",1,9.87,0.68,73.835,142,225.92,801.36,1807.72,0,7,0,0,0
2008,china,wrestling,3468,"1,353,569,484",1,9.87,0.68,73.835,142,225.92,801.36,1807.72,0,0,0,0,0
2008,china,shooting,3468,"1,353,569,484",1,9.87,0.68,73.835,142,225.92,801.36,1807.72,0,7,0,0,0
2008,france,Weightlifting,"45,519","62,209,207",0,7.08,0.88,81.21463,285.12,165.2,1505.97,1594.71,1,4,0,0,0
2008,france,hockey,"45,519","62,209,207",0,7.08,0.88,81.21463,285.12,165.2,1505.97,1594.71,1,0,0,0,0
2008,france,basketball,"45,519","62,209,207",0,7.08,0.88,81.21463,285.12,165.2,1505.97,1594.71,1,0,0,0,0
2008,france,cycling,"45,519","62,209,207",0,7.08,0.88,81.21463,285.12,165.2,1505.97,1594.71,1,36,0,0,0
2008,france,football,"45,519","62,209,207",0,7.08,0.88,81.21463,285.12,165.2,1505.97,1594.71,1,0,0,0,0
2008,france,badminton,"45,519","62,209,207",0,7.08,0.88,81.21463,285.12,165.2,1505.97,1594.71,1,2,0,0,0
2008,france,swimming,"45,519","62,209,207",0,7.08,0.88,81.21463,285.12,165.2,1505.97,1594.71,1,74,0,0,0
2008,france,gymnastics,"45,519","62,209,207",0,7.08,0.88,81.21463,285.12,165.2,1505.97,1594.71,1,66,0,0,0
2008,france,boxing,"45,519","62,209,207",0,7.08,0.88,81.21463,285.12,165.2,1505.97,1594.71,1,9,0,0,0
2008,france,wrestling,"45,519","62,209,207",0,7.08,0.88,81.21463,285.12,165.2,1505.97,1594.71,1,9,0,0,0
2008,france,shooting,"45,519","62,209,207",0,7.08,0.88,81.21463,285.12,165.2,1505.97,1594.71,1,22,0,0,0
2008,india,Weightlifting,999,"1,200,669,765",0,5.36,0.56,65.794,46.12,187.28,444.15,1749.45,1,0,0,0,0
2008,india,hockey,999,"1,200,669,765",0,5.36,0.56,65.794,46.12,187.28,444.15,1749.45,1,0,0,0,0
2008,india,basketball,999,"1,200,669,765",0,5.36,0.56,65.794,46.12,187.28,444.15,1749.45,1,0,0,0,0
2008,india,cycling,999,"1,200,669,765",0,5.36,0.56,65.794,46.12,187.28,444.15,1749.45,1,0,0,0,0
2008,india,football,999,"1,200,669,765",0,5.36,0.56,65.794,46.12,187.28,444.15,1749.45,1,0,0,0,0
2008,india,badminton,999,"1,200,669,765",0,5.36,0.56,65.794,46.12,187.28,444.15,1749.45,1,2,0,0,0
2008,india,swimming,999,"1,200,669,765",0,5.36,0.56,65.794,46.12,187.28,444.15,1749.45,1,7,0,0,0
2008,india,gymnastics,999,"1,200,669,765",0,5.36,0.56,65.794,46.12,187.28,444.15,1749.45,1,0,0,0,0
2008,india,boxing,999,"1,200,669,765",0,5.36,0.56,65.794,46.12,187.28,444.15,1749.45,1,5,0,0,0
2008,india,wrestling,999,"1,200,669,765",0,5.36,0.56,65.794,46.12,187.28,444.15,1749.45,1,3,0,0,1
2008,india,shooting,999,"1,200,669,765",0,5.36,0.56,65.794,46.12,187.28,444.15,1749.45,1,15,0,0,0
2008,italy,Weightlifting,"40,945","58,922,109",0,6.72,0.88,81.48537,240.32,202.04,1403.01,1749.63,1,3,0,0,0
2008,italy,hockey,"40,945","58,922,109",0,6.72,0.88,81.48537,240.32,202.04,1403.01,1749.63,1,0,0,0,0
2008,italy,basketball,"40,945","58,922,109",0,6.72,0.88,81.48537,240.32,202.04,1403.01,1749.63,1,12,0,0,0
2008,italy,cycling,"40,945","58,922,109",0,6.72,0.88,81.48537,240.32,202.04,1403.01,1749.63,1,20,0,0,0
2008,italy,football,"40,945","58,922,109",0,6.72,0.88,81.48537,240.32,202.04,1403.01,1749.63,1,15,0,0,0
2008,italy,badminton,"40,945","58,922,109",0,6.72,0.88,81.48537,240.32,202.04,1403.01,1749.63,1,0,0,0,0
2008,italy,swimming,"40,945","58,922,109",0,6.72,0.88,81.48537,240.32,202.04,1403.01,1749.63,1,54,0,0,0
2008,italy,gymnastics,"40,945","58,922,109",0,6.72,0.88,81.48537,240.32,202.04,1403.01,1749.63,1,58,0,0,0
2008,italy,boxing,"40,945","58,922,109",0,6.72,0.88,81.48537,240.32,202.04,1403.01,1749.63,1,0,0,0,0
2008,italy,wrestling,"40,945","58,922,109",0,6.72,0.88,81.48537,240.32,202.04,1403.01,1749.63,1,5,0,0,0
2008,italy,shooting,"40,945","58,922,109",0,6.72,0.88,81.48537,240.32,202.04,1403.01,1749.63,1,16,0,1,0
2008,japan,Weightlifting,"39,339","128,538,646",0,4.16,0.88,82.58756,199.6,156.92,798.84,1578.64,1,6,0,0,0
2008,japan,hockey,"39,339","128,538,646",0,4.16,0.88,82.58756,199.6,156.92,798.84,1578.64,1,14,0,0,0
2008,japan,basketball,"39,339","128,538,646",0,4.16,0.88,82.58756,199.6,156.92,798.84,1578.64,1,0,0,0,0
2008,japan,cycling,"39,339","128,538,646",0,4.16,0.88,82.58756,199.6,156.92,798.84,1578.64,1,17,0,0,0
2008,japan,football,"39,339","128,538,646",0,4.16,0.88,82.58756,199.6,156.92,798.84,1578.64,1,34,0,0,0
2008,japan,badminton,"39,339","128,538,646",0,4.16,0.88,82.58756,199.6,156.92,798.84,1578.64,1,2,0,0,0
2008,japan,swimming,"39,339","128,538,646",0,4.16,0.88,82.58756,199.6,156.92,798.84,1578.64,1,64,0,0,0
2008,japan,gymnastics,"39,339","128,538,646",0,4.16,0.88,82.58756,199.6,156.92,798.84,1578.64,1,63,0,1,0
2008,japan,boxing,"39,339","128,538,646",0,4.16,0.88,82.58756,199.6,156.92,798.84,1578.64,1,2,0,0,0
2008,japan,wrestling,"39,339","128,538,646",0,4.16,0.88,82.58756,199.6,156.92,798.84,1578.64,1,10,0,1,0
2008,japan,shooting,"39,339","128,538,646",0,4.16,0.88,82.58756,199.6,156.92,798.84,1578.64,1,10,0,0,0
2008,uk,Weightlifting,47270,62145097,0,5.71,0.9,79.6,230.76,180.76,1261.26,1749.22,1,1,0,0,0
2008,uk,hockey,47270,62145097,0,5.71,0.9,79.6,230.76,180.76,1261.26,1749.22,1,33,0,0,0
2008,uk,basketball,47270,62145097,0,5.71,0.9,79.6,230.76,180.76,1261.26,1749.22,1,0,0,0,0
2008,uk,cycling,47270,62145097,0,5.71,0.9,79.6,230.76,180.76,1261.26,1749.22,1,34,0,0,0
2008,uk,football,47270,62145097,0,5.71,0.9,79.6,230.76,180.76,1261.26,1749.22,1,0,0,0,0
2008,uk,badminton,47270,62145097,0,5.71,0.9,79.6,230.76,180.76,1261.26,1749.22,1,4,0,0,0
2008,uk,swimming,47270,62145097,0,5.71,0.9,79.6,230.76,180.76,1261.26,1749.22,1,72,0,0,0
2008,uk,gymnastics,47270,62145097,0,5.71,0.9,79.6,230.76,180.76,1261.26,1749.22,1,39,0,0,0
2008,uk,boxing,47270,62145097,0,5.71,0.9,79.6,230.76,180.76,1261.26,1749.22,1,7,0,0,0
2008,uk,wrestling,47270,62145097,0,5.71,0.9,79.6,230.76,180.76,1261.26,1749.22,1,0,0,0,0
2008,uk,shooting,47270,62145097,0,5.71,0.9,79.6,230.76,180.76,1261.26,1749.22,1,7,0,0,0
2008,us,Weightlifting,"48,383","303,486,012",0,7.3,0.91,78.03902,290.32,161.24,1452.33,1796.11,1,6,0,0,0
2008,us,hockey,"48,383","303,486,012",0,7.3,0.91,78.03902,290.32,161.24,1452.33,1796.11,1,16,0,0,0
2008,us,basketball,"48,383","303,486,012",0,7.3,0.91,78.03902,290.32,161.24,1452.33,1796.11,1,24,0,0,1
2008,us,cycling,"48,383","303,486,012",0,7.3,0.91,78.03902,290.32,161.24,1452.33,1796.11,1,32,0,0,0
2008,us,football,"48,383","303,486,012",0,7.3,0.91,78.03902,290.32,161.24,1452.33,1796.11,1,33,0,0,0
2008,us,badminton,"48,383","303,486,012",0,7.3,0.91,78.03902,290.32,161.24,1452.33,1796.11,1,6,0,0,0
2008,us,swimming,"48,383","303,486,012",0,7.3,0.91,78.03902,290.32,161.24,1452.33,1796.11,1,97,1,0,1
2008,us,gymnastics,"48,383","303,486,012",0,7.3,0.91,78.03902,290.32,161.24,1452.33,1796.11,1,63,0,1,0
2008,us,boxing,"48,383","303,486,012",0,7.3,0.91,78.03902,290.32,161.24,1452.33,1796.11,1,8,0,0,0
2008,us,wrestling,"48,383","303,486,012",0,7.3,0.91,78.03902,290.32,161.24,1452.33,1796.11,1,16,1,0,0
2008,us,shooting,"48,383","303,486,012",0,7.3,0.91,78.03902,290.32,161.24,1452.33,1796.11,1,27,0,0,0
2012,aus,Weightlifting,"68,012","22,903,948",0,5.22,0.94,82.04634,281.16,136.88,1371.33,1467.63,1,2,0,0,0
2012,aus,hockey,"68,012","22,903,948",0,5.22,0.94,82.04634,281.16,136.88,1371.33,1467.63,1,32,0,0,1
2012,aus,basketball,"68,012","22,903,948",0,5.22,0.94,82.04634,281.16,136.88,1371.33,1467.63,1,24,0,0,0
2012,aus,cycling,"68,012","22,903,948",0,5.22,0.94,82.04634,281.16,136.88,1371.33,1467.63,1,35,0,0,0
2012,aus,football,"68,012","22,903,948",0,5.22,0.94,82.04634,281.16,136.88,1371.33,1467.63,1,0,0,0,0
2012,aus,badminton,"68,012","22,903,948",0,5.22,0.94,82.04634,281.16,136.88,1371.33,1467.63,1,5,0,0,0
2012,aus,swimming,"68,012","22,903,948",0,5.22,0.94,82.04634,281.16,136.88,1371.33,1467.63,1,89,0,0,0
2012,aus,gymnastics,"68,012","22,903,948",0,5.22,0.94,82.04634,281.16,136.88,1371.33,1467.63,1,25,0,0,0
2012,aus,boxing,"68,012","22,903,948",0,5.22,0.94,82.04634,281.16,136.88,1371.33,1467.63,1,11,0,0,0
2012,aus,wrestling,"68,012","22,903,948",0,5.22,0.94,82.04634,281.16,136.88,1371.33,1467.63,1,1,0,0,0
2012,aus,shooting,"68,012","22,903,948",0,5.22,0.94,82.04634,281.16,136.88,1371.33,1467.63,1,22,0,0,0
2012,canada,Weightlifting,"52,669","34,922,030",0,7.4,0.91,81.64878,221.64,196.76,1341.09,1725.51,1,3,0,0,0
2012,canada,hockey,"52,669","34,922,030",0,7.4,0.91,81.64878,221.64,196.76,1341.09,1725.51,1,0,0,0,0
2012,canada,basketball,"52,669","34,922,030",0,7.4,0.91,81.64878,221.64,196.76,1341.09,1725.51,1,12,0,0,0
2012,canada,cycling,"52,669","34,922,030",0,7.4,0.91,81.64878,221.64,196.76,1341.09,1725.51,1,20,0,0,0
2012,canada,football,"52,669","34,922,030",0,7.4,0.91,81.64878,221.64,196.76,1341.09,1725.51,1,18,0,0,0
2012,canada,badminton,"52,669","34,922,030",0,7.4,0.91,81.64878,221.64,196.76,1341.09,1725.51,1,5,0,0,0
2012,canada,swimming,"52,669","34,922,030",0,7.4,0.91,81.64878,221.64,196.76,1341.09,1725.51,1,60,0,0,0
2012,canada,gymnastics,"52,669","34,922,030",0,7.4,0.91,81.64878,221.64,196.76,1341.09,1725.51,1,23,0,0,0
2012,canada,boxing,"52,669","34,922,030",0,7.4,0.91,81.64878,221.64,196.76,1341.09,1725.51,1,3,0,0,0
2012,canada,wrestling,"52,669","34,922,030",0,7.4,0.91,81.64878,221.64,196.76,1341.09,1725.51,1,9,0,0,0
2012,canada,shooting,"52,669","34,922,030",0,7.4,0.91,81.64878,221.64,196.76,1341.09,1725.51,1,3,0,0,0
2012,china,Weightlifting,6317,"1,384,206,401",0,10.28,0.72,75.013,156.84,196.76,859.77,1848.71,0,5,0,0,0
2012,china,hockey,6317,"1,384,206,401",0,10.28,0.72,75.013,156.84,232.68,859.77,1848.71,0,32,0,0,0
2012,china,basketball,6317,"1,384,206,401",0,10.28,0.72,75.013,156.84,232.68,859.77,1848.71,0,24,0,0,0
2012,china,cycling,6317,"1,384,206,401",0,10.28,0.72,75.013,156.84,232.68,859.77,1848.71,0,35,0,0,0
2012,china,football,6317,"1,384,206,401",0,10.28,0.72,75.013,156.84,232.68,859.77,1848.71,0,33,0,0,0
2012,china,badminton,6317,"1,384,206,401",0,10.28,0.72,75.013,156.84,232.68,859.77,1848.71,0,4,1,0,0
2012,china,swimming,6317,"1,384,206,401",0,10.28,0.72,75.013,156.84,232.68,859.77,1848.71,0,81,1,0,0
2012,china,gymnastics,6317,"1,384,206,401",0,10.28,0.72,75.013,156.84,232.68,859.77,1848.71,0,48,0,0,1
2012,china,boxing,6317,"1,384,206,401",0,10.28,0.72,75.013,156.84,232.68,859.77,1848.71,0,10,0,0,1
2012,china,wrestling,6317,"1,384,206,401",0,10.28,0.72,75.013,156.84,232.68,859.77,1848.71,0,1,0,0,0
2012,china,shooting,6317,"1,384,206,401",0,10.28,0.72,75.013,156.84,232.68,859.77,1848.71,0,16,0,0,0
2012,france,Weightlifting,"40,872","63,564,221",0,9.4,0.89,81.96829,279.12,165.88,1419.48,1595.52,1,4,0,0,0
2012,france,hockey,"40,872","63,564,221",0,9.4,0.89,81.96829,279.12,165.88,1419.48,1595.52,1,0,0,0,0
2012,france,basketball,"40,872","63,564,221",0,9.4,0.89,81.96829,279.12,165.88,1419.48,1595.52,1,24,0,0,0
2012,france,cycling,"40,872","63,564,221",0,9.4,0.89,81.96829,279.12,165.88,1419.48,1595.52,1,30,0,0,0
2012,france,football,"40,872","63,564,221",0,9.4,0.89,81.96829,279.12,165.88,1419.48,1595.52,1,17,0,0,0
2012,france,badminton,"40,872","63,564,221",0,9.4,0.89,81.96829,279.12,165.88,1419.48,1595.52,1,2,0,0,0
2012,france,swimming,"40,872","63,564,221",0,9.4,0.89,81.96829,279.12,165.88,1419.48,1595.52,1,54,0,0,0
2012,france,gymnastics,"40,872","63,564,221",0,9.4,0.89,81.96829,279.12,165.88,1419.48,1595.52,1,43,0,0,0
2012,france,boxing,"40,872","63,564,221",0,9.4,0.89,81.96829,279.12,165.88,1419.48,1595.52,1,5,0,0,0
2012,france,wrestling,"40,872","63,564,221",0,9.4,0.89,81.96829,279.12,165.88,1419.48,1595.52,1,6,0,0,0
2012,france,shooting,"40,872","63,564,221",0,9.4,0.89,81.96829,279.12,165.88,1419.48,1595.52,1,22,0,0,0
2012,india,Weightlifting,"1,444","1,265,780,247",0,5.66,0.6,67.545,48.8,187.92,473.67,1724.61,1,2,0,0,0
2012,india,hockey,"1,444","1,265,780,247",0,5.66,0.6,67.545,48.8,187.92,473.67,1724.61,1,16,0,0,0
2012,india,basketball,"1,444","1,265,780,247",0,5.66,0.6,67.545,48.8,187.92,473.67,1724.61,1,0,0,0,0
2012,india,cycling,"1,444","1,265,780,247",0,5.66,0.6,67.545,48.8,187.92,473.67,1724.61,1,0,0,0,0
2012,india,football,"1,444","1,265,780,247",0,5.66,0.6,67.545,48.8,187.92,473.67,1724.61,1,0,0,0,0
2012,india,badminton,"1,444","1,265,780,247",0,5.66,0.6,67.545,48.8,187.92,473.67,1724.61,1,6,0,0,0
2012,india,swimming,"1,444","1,265,780,247",0,5.66,0.6,67.545,48.8,187.92,473.67,1724.61,1,1,0,0,0
2012,india,gymnastics,"1,444","1,265,780,247",0,5.66,0.6,67.545,48.8,187.92,473.67,1724.61,1,0,0,0,0
2012,india,boxing,"1,444","1,265,780,247",0,5.66,0.6,67.545,48.8,187.92,473.67,1724.61,1,8,0,0,0
2012,india,wrestling,"1,444","1,265,780,247",0,5.66,0.6,67.545,48.8,187.92,473.67,1724.61,1,5,0,1,0
2012,india,shooting,"1,444","1,265,780,247",0,5.66,0.6,67.545,48.8,187.92,473.67,1724.61,1,15,0,0,0
2012,italy,Weightlifting,"35,052","59,879,471",0,10.66,0.88,82.23902,238.52,197.88,1421.1,1717.5,,1,0,0,0
2012,italy,hockey,"35,052","59,879,471",0,10.66,0.88,82.23902,238.52,197.88,1421.1,1717.5,1,0,0,0,0
2012,italy,basketball,"35,052","59,879,471",0,10.66,0.88,82.23902,238.52,197.88,1421.1,1717.5,1,0,0,0,0
2012,italy,cycling,"35,052","59,879,471",0,10.66,0.88,82.23902,238.52,197.88,1421.1,1717.5,1,17,0,0,0
2012,italy,football,"35,052","59,879,471",0,10.66,0.88,82.23902,238.52,197.88,1421.1,1717.5,1,0,0,0,0
2012,italy,badminton,"35,052","59,879,471",0,10.66,0.88,82.23902,238.52,197.88,1421.1,1717.5,1,1,0,0,0
2012,italy,swimming,"35,052","59,879,471",0,10.66,0.88,82.23902,238.52,197.88,1421.1,1717.5,1,53,0,0,0
2012,italy,gymnastics,"35,052","59,879,471",0,10.66,0.88,82.23902,238.52,197.88,1421.1,1717.5,1,49,0,0,0
2012,italy,boxing,"35,052","59,879,471",0,10.66,0.88,82.23902,238.52,197.88,1421.1,1717.5,1,0,0,1,0
2012,italy,wrestling,"35,052","59,879,471",0,10.66,0.88,82.23902,238.52,197.88,1421.1,1717.5,1,1,0,0,0
2012,italy,shooting,"35,052","59,879,471",0,10.66,0.88,82.23902,238.52,197.88,1421.1,1717.5,1,22,1,1,0
2012,japan,Weightlifting,"48,603","128,423,571",0,4.56,0.9,83.0961,197.12,157.16,785.07,1600.65,1,5,0,0,0
2012,japan,hockey,"48,603","128,423,571",0,4.56,0.9,83.0961,197.12,157.16,785.07,1600.65,1,16,0,0,0
2012,japan,basketball,"48,603","128,423,571",0,4.56,0.9,83.0961,197.12,157.16,785.07,1600.65,1,0,0,0,0
2012,japan,cycling,"48,603","128,423,571",0,4.56,0.9,83.0961,197.12,157.16,785.07,1600.65,1,12,0,0,0
2012,japan,football,"48,603","128,423,571",0,4.56,0.9,83.0961,197.12,157.16,785.07,1600.65,1,35,0,0,0
2012,japan,badminton,"48,603","128,423,571",0,4.56,0.9,83.0961,197.12,157.16,785.07,1600.65,1,7,0,0,0
2012,japan,swimming,"48,603","128,423,571",0,4.56,0.9,83.0961,197.12,157.16,785.07,1600.65,1,53,0,0,1
2012,japan,gymnastics,"48,603","128,423,571",0,4.56,0.9,83.0961,197.12,157.16,785.07,1600.65,1,48,0,0,1
2012,japan,boxing,"48,603","128,423,571",0,4.56,0.9,83.0961,197.12,157.16,785.07,1600.65,1,4,0,0,0
2012,japan,wrestling,"48,603","128,423,571",0,4.56,0.9,83.0961,197.12,157.16,785.07,1600.65,1,13,0,0,0
2012,japan,shooting,"48,603","128,423,571",0,4.56,0.9,83.0961,197.12,157.16,785.07,1600.65,1,8,0,0,0
2012,uk,Weightlifting,42449,"64,525,312",0,8,0.9,80.90488,235.24,178.36,1246.14,1743.26,1,5,0,0,0
2012,uk,hockey,42449,"64,525,312",0,8,0.9,80.90488,235.24,178.36,1246.14,1743.26,1,32,0,0,0
2012,uk,basketball,42449,"64,525,312",0,8,0.9,80.90488,235.24,178.36,1246.14,1743.26,1,24,0,0,0
2012,uk,cycling,42449,"64,525,312",0,8,0.9,80.90488,235.24,178.36,1246.14,1743.26,1,35,0,0,0
2012,uk,football,42449,"64,525,312",0,8,0.9,80.90488,235.24,178.36,1246.14,1743.26,1,33,0,0,0
2012,uk,badminton,42449,"64,525,312",0,8,0.9,80.90488,235.24,178.36,1246.14,1743.26,1,4,0,0,0
2012,uk,swimming,42449,"64,525,312",0,8,0.9,80.90488,235.24,178.36,1246.14,1743.26,1,81,0,0,0
2012,uk,gymnastics,42449,"64,525,312",0,8,0.9,80.90488,235.24,178.36,1246.14,1743.26,1,48,0,0,0
2012,uk,boxing,42449,"64,525,312",0,8,0.9,80.90488,235.24,178.36,1246.14,1743.26,1,10,0,1,0
2012,uk,wrestling,42449,"64,525,312",0,8,0.9,80.90488,235.24,178.36,1246.14,1743.26,1,1,0,0,0
2012,uk,shooting,42449,"64,525,312",0,8,0.9,80.90488,235.24,178.36,1246.14,1743.26,1,16,0,0,0
2012,us,Weightlifting,"51,603","314,043,885",0,7.9,0.92,78.74146,279.04,159.68,1460.07,1788.21,1,3,0,0,0
2012,us,hockey,"51,603","314,043,885",0,7.9,0.92,78.74146,279.04,159.68,1460.07,1788.21,1,16,0,0,0
2012,us,basketball,"51,603","314,043,885",0,7.9,0.92,78.74146,279.04,159.68,1460.07,1788.21,1,24,0,0,0
2012,us,cycling,"51,603","314,043,885",0,7.9,0.92,78.74146,279.04,159.68,1460.07,1788.21,1,28,0,0,0
2012,us,football,"51,603","314,043,885",0,7.9,0.92,78.74146,279.04,159.68,1460.07,1788.21,1,17,0,0,0
2012,us,badminton,"51,603","314,043,885",0,7.9,0.92,78.74146,279.04,159.68,1460.07,1788.21,1,3,0,0,0
2012,us,swimming,"51,603","314,043,885",0,7.9,0.92,78.74146,279.04,159.68,1460.07,1788.21,1,97,0,0,1
2012,us,gymnastics,"51,603","314,043,885",0,7.9,0.92,78.74146,279.04,159.68,1460.07,1788.21,1,50,0,0,0
2012,us,boxing,"51,603","314,043,885",0,7.9,0.92,78.74146,279.04,159.68,1460.07,1788.21,1,12,0,0,0
2012,us,wrestling,"51,603","314,043,885",0,7.9,0.92,78.74146,279.04,159.68,1460.07,1788.21,1,17,0,0,0
2012,us,shooting,"51,603","314,043,885",0,7.9,0.92,78.74146,279.04,159.68,1460.07,1788.21,1,25,0,0,0